playerName,playerNBAID,playerBREFID,pos,team,poss,mp,epm
Precious Achiuwa,1630173,achiupr01,PF,MIA,845,391,-2.0506
Jaylen Adams,1629121,adamsja01,PG,MIL,38,17,-4.9504
Steven Adams,203500,adamsst01,C,NOP,1473,727,1.2963
Bam Adebayo,1628389,adebaba01,C,MIA,1731,839,2.6609
LaMarcus Aldridge,200746,aldrila01,C,SAS,1005,480,-0.8153
Ty-Shon Alexander,1630234,alexaty01,SG,PHO,15,8,-3.4042
Nickeil Alexander-Walker,1629638,alexani01,SG,NOP,917,438,-2.4862
Grayson Allen,1628960,allengr01,SG,MEM,848,396,0.4881
Jarrett Allen,1628386,allenja01,C,CLE,1551,734,2.5802
Al-Farouq Aminu,202329,aminual01,PF,ORL,12,5,NA
Kyle Anderson,203937,anderky01,PF,MEM,1327,623,1.7145
Giannis Antetokounmpo,203507,antetgi01,PF,MIL,1878,869,4.8597
Kostas Antetokounmpo,1628961,antetko01,PF,LAL,19,8,-4.471
Thanasis Antetokounmpo,203648,antetth01,SF,MIL,331,149,-2.3312
Carmelo Anthony,2546,anthoca01,PF,POR,1333,636,-2.6367
Cole Anthony,1630175,anthoco01,PG,ORL,1391,667,-3.2913
OG Anunoby,1628384,anunoog01,SF,TOR,1240,592,1.9434
Ryan Arcidiacono,1627853,arcidry01,PG,CHI,212,100,-1.2866
D.J. Augustin,201571,augusdj01,PG,MIL,998,465,-3.1802
Deni Avdija,1630166,avdijde01,SF,WAS,1059,482,-0.5213
Deandre Ayton,1629028,aytonde01,C,PHO,1696,832,1.3369
Udoka Azubuike,1628962,azubuud01,C,UTA,107,49,-3.6642
Dwayne Bacon,1628407,bacondw01,SG,ORL,1469,702,-3.1256
Marvin Bagley III,1628963,baglema01,PF,SAC,1321,623,-2.4189
LaMelo Ball,1630163,ballla01,PG,CHA,1660,776,-0.0283
Lonzo Ball,1628366,balllo01,PG,NOP,1456,709,1.2765
Mo Bamba,1628964,bambamo01,C,ORL,210,103,-0.1107
Desmond Bane,1630217,banede01,SG,MEM,968,456,0.1173
Harrison Barnes,203084,barneha02,PF,SAC,2011,948,1.4377
RJ Barrett,1629628,barrerj01,SG,NYK,1989,985,-1.8815
Will Barton,203115,bartowi01,SF,DEN,1526,744,-2.0727
Keita Bates-Diop,1628966,bateske01,SF,SAS,61,27,-5.6405
Nicolas Batum,201587,batumni01,SF,LAC,1654,806,3.0107
Aron Baynes,203382,baynear01,C,TOR,949,452,-0.2245
Kent Bazemore,203145,bazemke01,SF,GSW,891,410,1.9094
Darius Bazley,1629647,bazleda01,PF,OKC,1706,804,-4.1304
Bradley Beal,203078,bealbr01,SG,WAS,1770,810,3.6684
Malik Beasley,1627736,beaslma01,SG,MIN,1874,873,0.6468
Jordan Bell,1628395,belljo01,C,WAS,104,50,-3.3598
DeAndre' Bembry,1627761,bembrde01,SF,TOR,526,243,-1.7746
Davis Bertans,202722,bertada01,PF,WAS,1260,563,-0.3618
Patrick Beverley,201976,beverpa01,PG,LAC,941,460,3.0017
Saddiq Bey,1630180,beysa01,SF,DET,1034,497,-1.0669
Tyler Bey,1630189,beyty01,SF,DAL,32,13,-3.6984
Khem Birch,203920,birchkh01,C,ORL,1276,615,-1.2431
Goga Bitadze,1629048,bitadgo01,C,IND,272,124,-1.7966
Bismack Biyombo,202687,biyombi01,C,CHA,1221,585,-1.9614
Nemanja Bjelica,202357,bjeline01,PF,SAC,449,211,-2.2498
Eric Bledsoe,202339,bledser01,SG,NOP,1533,733,-1.6458
Keljin Blevins,1629833,blevike01,SF,POR,86,38,-5.1431
Bogdan Bogdanovic,203992,bogdabo01,SG,ATL,465,213,-2.0705
Bojan Bogdanovic,202711,bogdabo02,SF,UTA,1792,868,0.945
Bol Bol,1629626,bolbo01,PF,DEN,152,65,-6.7557
Marques Bolden,1629716,boldema01,C,CLE,60,29,-2.2066
Jordan Bone,1629648,bonejo01,PG,ORL,414,196,-4.7046
Isaac Bonga,1629067,bongais01,SF,WAS,502,230,-2.4308
Devin Booker,1626164,bookede01,SG,PHO,1559,774,-0.0292
Chris Boucher,1628449,bouchch01,C,TOR,1316,624,2.2002
Brian Bowen II,1628968,bowenbr02,SF,IND,12,5,-3.065
Avery Bradley,202340,bradlav01,SG,MIA,451,211,-1.5078
Tony Bradley,1628396,bradlto01,C,PHI,242,117,-0.3784
Jarrell Brantley,1629714,brantja01,PF,UTA,44,20,-2.3401
Ignas Brazdeikis,1629649,brazdig01,SF,NYK,16,7,-2.698
Mikal Bridges,1628969,bridgmi01,SF,PHO,1753,861,1.7186
Miles Bridges,1628970,bridgmi02,PF,CHA,1602,747,-3.2585
Malcolm Brogdon,1627763,brogdma01,PG,IND,2079,1004,1.3783
Dillon Brooks,1628415,brookdi01,SF,MEM,1360,641,-1.4987
Bruce Brown,1628971,brownbr01,PG,BRK,998,472,-1.6949
Jaylen Brown,1627759,brownja02,SG,BOS,1677,796,2.2908
Moses Brown,1629650,brownmo01,C,OKC,77,31,-0.9735
Sterling Brown,1628425,brownst02,SG,HOU,1144,530,-0.8327
Troy Brown Jr.,1628972,browntr01,SF,WAS,441,205,-3.8575
Jalen Brunson,1628973,brunsja01,PG,DAL,1219,578,-0.7343
Thomas Bryant,1628418,bryanth01,C,WAS,606,271,3.4218
Reggie Bullock,203493,bullore01,SF,NYK,1287,636,-2.7809
Trey Burke,203504,burketr01,PG,DAL,984,466,-0.2591
Alec Burks,202692,burksal01,SG,NYK,892,435,-1.4598
Jimmy Butler,202710,butleji01,SF,MIA,1010,487,4.7921
Bruno Caboclo,203998,cabocbr01,PF,HOU,81,36,-3.0585
Devontae Cacok,1629719,cacokde01,PF,LAL,5,2,NA
Kentavious Caldwell-Pope,203484,caldwke01,SG,LAL,1243,596,-0.1987
Facundo Campazzo,1630267,campafa01,PG,DEN,601,285,0.4969
Vlatko Cancar,1628427,cancavl01,PF,DEN,91,39,-5.5866
Clint Capela,203991,capelca01,C,ATL,1468,699,1.8732
Vernon Carey Jr.,1630176,careyve01,C,CHA,13,6,-2.3137
Jevon Carter,1628975,carteje01,PG,PHO,534,256,-2.265
Wendell Carter Jr.,1628976,cartewe01,C,CHI,869,398,0.5118
Michael Carter-Williams,203487,cartemi01,SG,ORL,469,216,-1.5785
Alex Caruso,1627936,carusal01,PG,LAL,824,394,1.2841
Willie Cauley-Stein,1626161,caulewi01,C,DAL,943,454,0.1134
Chris Chiozza,1629185,chiozch01,PG,BRK,212,100,-2.7889
Marquese Chriss,1627737,chrisma01,PF,GSW,63,27,-2.6817
Gary Clark,1629109,clarkga01,SF,ORL,1105,525,-5.6037
Brandon Clarke,1629634,clarkbr01,PF,MEM,1058,503,-1.0873
Jordan Clarkson,203903,clarkjo01,SG,UTA,1539,727,1.6482
Amir Coffey,1629599,coffeam01,SG,LAC,266,128,-2.6296
John Collins,1628381,collijo01,PF,ATL,1806,856,1.8108
Mike Conley,201144,conlemi01,PG,UTA,1415,674,6.1532
Pat Connaughton,1626192,connapa01,SG,MIL,960,443,0.0574
Quinn Cook,1626188,cookqu01,PG,LAL,116,51,-4.1425
DeMarcus Cousins,202326,couside01,C,HOU,1007,470,0.6855
Robert Covington,203496,covinro01,PF,POR,1547,741,0.1102
Torrey Craig,1628470,craigto01,SF,MIL,363,167,-1.0212
Jae Crowder,203109,crowdja01,PF,PHO,1316,639,1.3299
Jarrett Culver,1629633,culveja01,SG,MIN,727,339,-1.5348
Seth Curry,203552,curryse01,SG,PHI,1274,600,0.746
Stephen Curry,201939,curryst01,PG,GSW,2073,944,5.4935
Anthony Davis,203076,davisan02,PF,LAL,1564,755,3.5416
Ed Davis,202334,davised01,C,MIN,553,264,-0.8595
Terence Davis,1629056,daviste02,SG,TOR,638,297,-2.7986
DeMar DeRozan,201942,derozde01,PF,SAS,1770,835,1.655
Hamidou Diallo,1628977,diallha01,SG,OKC,1340,622,-0.9722
Gorgui Dieng,203476,dienggo01,C,MEM,694,331,1.0152
Spencer Dinwiddie,203915,dinwisp01,SG,BRK,140,64,-1.5493
Donte DiVincenzo,1628978,divindo01,SG,MIL,1505,700,1.8258
Luka Doncic,1629029,doncilu01,PG,DAL,1992,954,5.2658
Luguentz Dort,1629652,dortlu01,SG,OKC,1538,735,0.4906
Damyean Dotson,1628422,dotsoda01,SG,CLE,1021,490,-1.9672
Devon Dotson,1629653,dotsode01,PG,CHI,24,10,-2.991
Sekou Doumbouya,1629635,doumbse01,PF,DET,669,314,-6.4201
PJ Dozier,1628408,doziepj01,SG,DEN,693,330,-1.567
Goran Dragic,201609,dragigo01,PG,MIA,947,451,0.5312
Andre Drummond,203083,drumman01,C,CLE,1477,722,0.7216
Jared Dudley,201162,dudleja01,PF,LAL,47,22,-3.5065
Kevin Durant,201142,duranke01,PF,BRK,1469,679,4.3021
Anthony Edwards,1630162,edwaran01,SG,MIN,1606,744,-3.6427
Carsen Edwards,1629035,edwarca01,SG,BOS,280,134,-1.891
CJ Elleby,1629604,ellebcj01,SF,POR,203,92,-1.6265
Wayne Ellington,201961,ellinwa01,SG,DET,958,459,-0.1535
Joel Embiid,203954,embiijo01,C,PHI,1522,711,5.2463
James Ennis III,203516,ennisja01,SF,ORL,909,438,-0.0613
Drew Eubanks,1629234,eubandr01,C,SAS,303,139,-5.6223
Dante Exum,203957,exumda01,SG,HOU,248,116,-3.3414
Tacko Fall,1629605,fallta01,C,BOS,110,49,-0.8483
Derrick Favors,202324,favorde01,C,UTA,908,430,0.7326
Cristiano Felicio,1626245,feliccr01,C,CHI,80,38,0.2096
Terrance Ferguson,1628390,fergute01,SG,PHI,51,24,-4.9111
Bruno Fernando,1628981,fernabr01,C,ATL,276,129,-4.2042
Yogi Ferrell,1627812,ferreyo01,PG,CLE,84,40,-1.6922
Dorian Finney-Smith,1627827,finnedo01,PF,DAL,1214,583,-0.2735
Malachi Flynn,1630201,flynnma01,PG,TOR,237,106,-4.8819
Bryn Forbes,1627854,forbebr01,SG,MIL,1044,489,-2.5911
Trent Forrest,1630235,forretr01,PG,UTA,25,10,-1.9106
Evan Fournier,203095,fournev01,SF,ORL,846,398,2.2201
De'Aaron Fox,1628368,foxde01,PG,SAC,1832,860,2.9417
Tim Frazier,204025,fraziti01,PG,MEM,72,33,-4.3858
Markelle Fultz,1628365,fultzma01,PG,ORL,462,215,-2.8213
Wenyen Gabriel,1629117,gabriwe01,PF,NOP,23,10,-3.6303
Daniel Gafford,1629655,gaffoda01,PF,CHI,706,330,0.7967
Danilo Gallinari,201568,gallida01,PF,ATL,609,290,-1.6521
Langston Galloway,204038,gallola01,SG,PHO,522,245,-0.7265
Darius Garland,1629636,garlada01,PG,CLE,1408,679,-2.6142
Marc Gasol,201188,gasolma01,C,LAL,1155,550,0.2254
Rudy Gay,200752,gayru01,PF,SAS,1238,572,-0.2952
Paul George,202331,georgpa01,SF,LAC,1401,680,4.5509
Taj Gibson,201959,gibsota01,PF,NYK,191,93,-2.1549
Harry Giles III,1628385,gilesha01,C,POR,553,260,-5.1687
Shai Gilgeous-Alexander,1628983,gilgesh01,SG,OKC,1493,709,2.0949
Anthony Gill,1630264,gillan01,PF,WAS,139,65,-4.0869
Rudy Gobert,203497,goberru01,C,UTA,1768,846,3.7742
Brandon Goodwin,1629164,goodwbr01,PG,ATL,586,280,-1.8735
Aaron Gordon,203932,gordoaa01,PF,ORL,1154,552,0.8725
Eric Gordon,201569,gordoer01,SG,HOU,1300,613,1.7431
Devonte' Graham,1628984,grahade01,PG,CHA,1723,821,0.06
Jerami Grant,203924,grantje01,SF,DET,2011,979,2.3968
Danny Green,201980,greenda02,SF,PHI,1685,788,-0.5506
Draymond Green,203110,greendr01,PF,GSW,1514,695,1.1908
JaMychal Green,203210,greenja01,PF,DEN,935,452,-0.904
Javonte Green,1629750,greenja02,SG,BOS,506,238,-2.7849
Jeff Green,201145,greenje02,PF,BRK,1615,755,-1.4767
Josh Green,1630182,greenjo02,SG,DAL,450,212,-4.2796
Blake Griffin,201933,griffbl01,PF,DET,1263,626,-2.0744
Kyle Guy,1629657,guyky01,PG,SAC,176,79,-2.3699
Rui Hachimura,1629060,hachiru01,PF,WAS,1154,526,-1.8217
Ashton Hagans,1630204,haganas01,PG,MIN,10,4,NA
Tyrese Haliburton,1630169,halibty01,PG,SAC,1559,734,0.0066
Josh Hall,1630221,halljo01,SF,OKC,121,51,-6.0656
R.J. Hampton,1630181,hamptrj01,PG,DEN,327,148,-5.1237
Tim Hardaway Jr.,203501,hardati02,SG,DAL,1715,825,-0.6889
James Harden,201935,hardeja01,SG,BRK,1822,867,3.5051
Maurice Harkless,203090,harklma01,SF,MIA,237,109,-3.8598
Jared Harper,1629607,harpeja01,PG,NYK,12,5,-3.2007
Montrezl Harrell,1626149,harremo01,C,LAL,1440,695,2.2959
Gary Harris,203914,harriga01,SG,DEN,1124,553,-1.0874
Jalen Harris,1630223,harrija01,SG,TOR,10,4,NA
Joe Harris,203925,harrijo01,SF,BRK,1929,897,2.314
Tobias Harris,202699,harrito02,PF,PHI,1836,859,0.49
Shaquille Harrison,1627885,harrish01,SG,UTA,118,53,-4.5269
Josh Hart,1628404,hartjo01,SF,NOP,1530,723,-1.6071
Isaiah Hartenstein,1628392,harteis01,C,DEN,296,137,-0.3677
Jaxson Hayes,1629637,hayesja02,C,NOP,503,232,-2.4547
Killian Hayes,1630165,hayeski01,PG,DET,316,148,-7.2887
Gordon Hayward,202330,haywago01,SF,CHA,1938,922,0.5551
Juancho Hernangomez,1627823,hernaju01,PF,MIN,515,242,-3.2872
Willy Hernangomez,1626195,hernawi01,C,NOP,366,174,0.6279
Tyler Herro,1629639,herroty01,SG,MIA,1364,648,-1.7939
Buddy Hield,1627741,hieldbu01,SG,SAC,1989,940,-1.6992
George Hill,201588,hillge01,PG,OKC,755,369,0.2867
Solomon Hill,203524,hillso01,PF,ATL,1089,514,-3.3189
Nate Hinton,1630207,hintona01,SG,DAL,44,19,-4.5034
Aaron Holiday,1628988,holidaa01,PG,IND,1179,549,-4.5242
Jrue Holiday,201950,holidjr01,PG,MIL,1597,747,4.3527
Justin Holiday,203200,holidju01,SG,IND,1895,898,1.0317
Richaun Holmes,1626158,holmeri01,C,SAC,1543,739,1.3359
Rodney Hood,203918,hoodro01,SF,POR,875,417,-4.6093
Al Horford,201143,horfoal01,C,OKC,1071,507,2.4568
Talen Horton-Tucker,1629659,hortota01,SG,LAL,853,408,-2.8145
Danuel House Jr.,1627863,houseda01,SF,HOU,968,453,-2.9272
Dwight Howard,2730,howardw01,C,PHI,1007,471,-1.5153
Markus Howard,1630210,howarma02,SG,DEN,93,38,-6.0208
Kevin Huerter,1628989,huertke01,SG,ATL,1793,855,-1.3983
Elijah Hughes,1630190,hugheel01,SF,UTA,59,27,-3.7876
De'Andre Hunter,1629631,huntede01,SF,ATL,1235,579,3.2711
Chandler Hutchison,1628990,hutchch01,SF,CHI,145,64,-5.4187
Serge Ibaka,201586,ibakase01,C,LAC,1378,681,2.4262
Andre Iguodala,2738,iguodan01,SF,MIA,1112,532,-1.3174
Joe Ingles,204060,inglejo01,SF,UTA,1347,641,2.0089
Brandon Ingram,1627742,ingrabr01,SF,NOP,1862,910,1.1748
Kyrie Irving,202681,irvinky01,PG,BRK,1518,707,4.3202
Wes Iwundu,1628411,iwundwe01,SF,DAL,494,232,-4.9021
Frank Jackson,1628402,jacksfr01,PG,DET,80,39,-3.7091
Josh Jackson,1628367,jacksjo02,SG,DET,1250,600,-1.4711
Justin Jackson,1628382,jacksju01,SF,OKC,642,298,-2.5138
Reggie Jackson,202704,jacksre01,SG,LAC,1101,531,-1.126
Justin James,1629713,jamesju01,SF,SAC,110,50,-4.683
LeBron James,2544,jamesle01,PG,LAL,2014,968,5.4046
DaQuan Jeffries,1629610,jeffrda01,NA,SAC,86,41,-2.5122
Isaiah Joe,1630198,joeis01,SG,PHI,426,200,-1.4458
Cameron Johnson,1629661,johnsca02,PF,PHO,1389,668,1.6121
James Johnson,201949,johnsja01,PF,DAL,902,424,-0.9423
Keldon Johnson,1629640,johnske04,SF,SAS,1714,812,-1.0726
Stanley Johnson,1626169,johnsst04,PF,TOR,785,368,-1.5733
Tyler Johnson,204020,johnsty01,SG,BRK,271,127,-1.5992
Nikola Jokic,203999,jokicni01,C,DEN,1895,932,8.4284
Damian Jones,1627745,jonesda03,C,PHO,163,78,-5.0976
Derrick Jones Jr.,1627884,jonesde02,SF,POR,1227,588,0.1139
Mason Jones,1630222,jonesma05,SG,HOU,427,192,-2.2687
Tre Jones,1630200,jonestr01,PG,SAS,57,27,-2.9187
Tyus Jones,1626145,jonesty01,PG,MEM,1092,525,-0.7986
DeAndre Jordan,201599,jordade01,C,BRK,1236,578,1.1105
Cory Joseph,202709,josepco01,PG,SAC,1136,534,-3.0071
Mfiondu Kabengele,1629662,kabenmf01,PF,LAC,136,64,-5.1402
Frank Kaminsky,1626163,kaminfr01,C,PHO,645,316,0.9659
Enes Kanter,202683,kanteen01,C,POR,1328,639,0.8912
Luke Kennard,1628379,kennalu01,SG,LAC,1324,639,-3.4249
Maxi Kleber,1628467,klebima01,PF,DAL,933,435,-1.5886
Nathan Knight,1630233,knighna01,PF,ATL,115,54,-2.4759
Kevin Knox II,1628995,knoxke01,SF,NYK,769,372,-5.5952
John Konchar,1629723,konchjo01,SG,MEM,493,235,-1.6752
Furkan Korkmaz,1627788,korkmfu01,SG,PHI,707,335,-3.5953
Luke Kornet,1628436,kornelu01,PF,CHI,82,37,-4.3638
Rodions Kurucs,1629066,kurucro01,SF-PF,HOU,165,73,-4.921
Kyle Kuzma,1628398,kuzmaky01,SF,LAL,1466,697,-2.5971
Jeremy Lamb,203087,lambje01,SG,IND,771,373,1.1034
Zach LaVine,203897,lavinza01,SG,CHI,1991,927,3.3379
Jake Layman,1627774,laymaja01,SF,MIN,624,292,-1.5933
Jalen Lecque,1629665,lecquja01,PG,IND,22,9,-2.4013
Damion Lee,1627814,leeda03,SG,GSW,1154,535,0.1564
Saben Lee,1630240,leesa01,PG,DET,142,70,-2.9188
Alex Len,203458,lenal01,C,WAS,599,275,0.6831
Kawhi Leonard,202695,leonaka01,SF,LAC,1611,792,5.8376
Meyers Leonard,203086,leoname01,C,MIA,61,29,-2.4252
Caris LeVert,1627747,leverca01,SG,IND,733,334,1.3741
Kira Lewis Jr.,1630184,lewiski01,PG,NOP,389,184,-1.9513
Damian Lillard,203081,lillada01,PG,POR,1870,895,4.5771
Nassir Little,1629642,littlna01,PF,POR,254,120,-2.3549
Kevon Looney,1626172,looneke01,C,GSW,668,308,0.409
Brook Lopez,201572,lopezbr01,C,MIL,1562,731,1.2584
Robin Lopez,201577,lopezro01,C,WAS,1043,478,-0.2646
Kevin Love,201567,loveke01,PF,CLE,100,46,-2.9287
Kyle Lowry,200768,lowryky01,PG,TOR,1774,837,1.4002
Timothe Luwawu-Cabarrot,1627789,luwawti01,SF,BRK,1224,567,-2.2311
Trey Lyles,1626168,lylestr01,PF,SAS,351,165,-5.1178
Thon Maker,1627748,makerth01,C,CLE,155,76,-2.0065
Theo Maledon,1630177,maledth01,PG,OKC,1047,476,-3.3382
Karim Mane,1630211,maneka01,PG,ORL,118,56,-6.4124
Terance Mann,1629611,mannte01,SG,LAC,802,377,-3.3205
Nico Mannion,1630185,mannini01,PG,GSW,82,36,-1.789
Boban Marjanovic,1626246,marjabo01,C,DAL,228,108,-2.4314
Lauri Markkanen,1628374,markkla01,PF,CHI,935,426,0.3214
Naji Marshall,1630230,marshna01,SF,NOP,17,8,-2.6912
Caleb Martin,1628997,martica02,SF,CHA,770,363,-2.1901
Cody Martin,1628998,martico01,SF,CHA,339,159,-3.4346
Kelan Martin,1629103,martike03,SF,IND,97,43,-4.6228
Kenyon Martin Jr.,1630231,martike04,SF,HOU,161,69,-3.4635
Frank Mason,1628412,masonfr01,G,ORL,161,79,-4.695
Garrison Mathews,1629726,mathega01,SG,WAS,669,305,1.0718
Dakota Mathias,1629751,mathida01,SG,PHI,264,123,-4.7593
Wesley Matthews,202083,matthwe02,SG,LAL,893,426,-1.5583
Tyrese Maxey,1630178,maxeyty01,SG,PHI,982,460,-3.6681
Skylar Mays,1630219,mayssk01,SG,ATL,113,55,-2.2084
CJ McCollum,203468,mccolcj01,SG,POR,929,440,6.5307
T.J. McConnell,204456,mccontj01,PG,IND,1267,594,0.3845
Jaden McDaniels,1630183,mcdanja02,PF,MIN,812,376,-2.1938
Jalen McDaniels,1629667,mcdanja01,SF,CHA,231,108,-5.084
Doug McDermott,203926,mcderdo01,PF,IND,1500,706,-2.517
Sean McDermott,1630253,mcderse01,SF,MEM,123,57,-6.1372
JaVale McGee,201580,mcgeeja01,C,CLE,655,313,-1.4876
Rodney McGruder,203585,mcgruro01,SG,DET,138,64,-3.7421
Alfonzo McKinnie,1628035,mckinal01,SF,LAL,99,44,-2.7668
Jordan McLaughlin,1629162,mclaujo01,PG,MIN,581,272,-1.2724
Ben McLemore,203463,mclembe01,SG,HOU,631,283,-3.7229
Nicolo Melli,1629740,mellini01,PF,NOP,283,135,-2.5921
De'Anthony Melton,1629001,meltode01,PG,MEM,547,258,0.2838
Sam Merrill,1630241,merrisa01,SG,MIL,122,55,-2.0882
Chimezie Metu,1629002,metuch01,C,SAC,154,71,-0.8453
Khris Middleton,203114,middlkh01,SF,MIL,1891,886,2.668
Darius Miller,203121,milleda01,SF,OKC,216,98,-0.6531
Patty Mills,201988,millspa02,PG,SAS,1485,687,0.8135
Paul Millsap,200794,millspa01,PF,DEN,1268,621,1.6647
Shake Milton,1629003,miltosh01,SG,PHI,1160,536,-0.1312
Donovan Mitchell,1628378,mitchdo01,SG,UTA,1799,874,1.9468
Adam Mokoka,1629690,mokokad01,SG,CHI,93,42,-1.6766
Malik Monk,1628370,monkma01,SG,CHA,683,316,-3.0766
E'Twaun Moore,202734,mooreet01,SG,PHO,446,216,-2.9502
Ja Morant,1629630,moranja01,PG,MEM,900,418,-0.5815
Juwan Morgan,1629752,morgaju01,PF,UTA,133,62,-1.5028
Marcus Morris Sr.,202694,morrima03,PF,LAC,1029,492,-0.861
Markieff Morris,202693,morrima02,PF,LAL,708,335,-4.425
Monte Morris,1628420,morrimo01,PG,DEN,1401,682,0.9142
Mychal Mulder,1628539,muldemy01,PG,GSW,649,289,0.5061
Dejounte Murray,1627749,murrade01,PG,SAS,1735,821,-0.122
Jamal Murray,1627750,murraja01,PG,DEN,1689,835,1.9881
Mike Muscala,203488,muscami01,C,OKC,974,452,0.5781
Svi Mykhailiuk,1629004,mykhasv01,SF,DET,823,398,-1.6897
Abdel Nader,1627846,naderab01,SF,PHO,349,163,-1.7738
Larry Nance Jr.,1626204,nancela02,PF,CLE,1301,635,1.0001
Aaron Nesmith,1630174,nesmiaa01,SF,BOS,316,146,-3.8072
Raul Neto,203526,netora01,PG,WAS,816,375,0.0445
Georges Niang,1627777,niangge01,PF,UTA,778,358,-0.2338
Zeke Nnaji,1630192,nnajize01,PF,DEN,163,72,-2.5824
Nerlens Noel,203457,noelne01,C,NYK,908,445,-1.6629
Jaylen Nowell,1629669,nowelja01,SG,MIN,466,220,0.0868
Frank Ntilikina,1628373,ntilila01,PG,NYK,89,42,-1.7007
Kendrick Nunn,1629134,nunnke01,PG,MIA,1087,526,-1.3106
Jusuf Nurkic,203994,nurkiju01,C,POR,599,280,0.5181
David Nwaba,1628021,nwabada01,SF,HOU,1139,535,1.2686
Jordan Nwora,1629670,nworajo01,SF,MIL,184,82,-2.4537
Royce O'Neale,1626220,onealro01,SF,UTA,1864,910,1.7594
Semi Ojeleye,1628400,ojelese01,PF,BOS,985,476,-0.5921
Jahlil Okafor,1626143,okafoja01,C,DET,256,120,-2.8059
Chuma Okeke,1629643,okekech01,PF,ORL,562,266,-3.0055
Josh Okogie,1629006,okogijo01,SG,MIN,940,437,-0.9329
Onyeka Okongwu,1630168,okongon01,C,ATL,203,93,-2.6379
Isaac Okoro,1630171,okorois01,SG,CLE,1632,792,-4.2027
KZ Okpala,1629644,okpalkz01,PF,MIA,349,168,-3.815
Victor Oladipo,203506,oladivi01,SG,HOU,1363,640,2.5593
Kelly Olynyk,203482,olynyke01,C,MIA,1419,680,0.7878
Miye Oni,1629671,onimi01,SG,UTA,370,170,-3.3852
Cedi Osman,1626224,osmande01,SF,CLE,1589,766,-1.4213
Daniel Oturu,1630187,oturuda01,C,LAC,87,42,-2.8219
Kelly Oubre Jr.,1626162,oubreke01,SF,GSW,1767,809,-0.4582
Eric Paschall,1629672,pascher01,PF,GSW,919,427,-0.2563
Anzejs Pasecniks,1628394,pasecan01,NA,WAS,13,6,-4.0732
Patrick Patterson,202335,pattepa01,PF,LAC,248,115,-3.3222
Chris Paul,101108,paulch01,PG,PHO,1652,807,2.0243
Cameron Payne,1626166,payneca01,PG,PHO,542,261,0.139
Elfrid Payton,203901,paytoel01,PG,NYK,1623,808,-2.4566
Norvel Pelle,203658,pelleno01,F-C,BRK,60,28,-5.0326
Reggie Perry,1629617,perryre01,PF,BRK,314,147,-3.6935
Theo Pinson,1629033,pinsoth01,SG,NYK,50,21,-5.0633
Mason Plumlee,203486,plumlma01,C,DET,1417,693,0.7897
Jakob Poeltl,1627751,poeltja01,C,SAS,1284,600,2.7056
Vincent Poirier,1629738,poirivi01,C,PHI,40,18,-2.9342
Aleksej Pokusevski,1630197,pokusal01,PF,OKC,654,296,-7.2489
Jordan Poole,1629673,poolejo01,SG,GSW,308,143,-0.6039
Michael Porter Jr.,1629008,portemi01,SF,DEN,890,432,0.3734
Otto Porter Jr.,203490,porteot01,SF,CHI,807,372,-1.9246
Bobby Portis,1626171,portibo01,C,MIL,1269,586,2.9606
Kristaps Porzingis,204001,porzikr01,C,DAL,1068,509,1.3516
Dwight Powell,203939,poweldw01,C,DAL,587,277,0.2153
Norman Powell,1626181,powelno01,SG,TOR,1486,701,0.2852
Taurean Prince,1627752,princta02,PF,CLE,1265,592,-1.2717
Payton Pritchard,1630202,pritcpa01,SG,BOS,877,426,-0.7315
Immanuel Quickley,1630193,quickim01,PG,NYK,981,483,1.1216
Jahmi'us Ramsey,1630186,ramseja01,SG,SAC,37,16,-3.5156
Julius Randle,203944,randlju01,PF,NYK,2148,1065,2.1513
Cam Reddish,1629629,reddica01,SF,ATL,1403,657,-3.1844
JJ Redick,200755,redicjj01,SG,NOP,888,417,-4.3007
Paul Reed,1630194,reedpa01,PF,PHI,113,55,-5.342
Naz Reid,1629675,reidna01,C,MIN,1187,548,1.4871
Nick Richards,1630208,richani01,PF,CHA,48,23,-4.1114
Josh Richardson,1626196,richajo01,SG,DAL,1255,601,-0.753
Austin Rivers,203085,riverau01,SG,NYK,888,442,-1.0042
Duncan Robinson,1629130,robindu01,SF,MIA,1850,891,-1.6644
Glenn Robinson III,203922,robingl02,SF,SAC,738,346,-5.6132
Jerome Robinson,1629010,robinje01,SG,WAS,480,221,-3.8282
Mitchell Robinson,1629011,robinmi01,C,NYK,1557,778,1.5408
Isaiah Roby,1629676,robyis01,PF,OKC,853,398,-0.7974
Rajon Rondo,200765,rondora01,PG,ATL,453,214,-3.3102
Derrick Rose,201565,rosede01,PG,NYK,900,428,-0.7085
Terrence Ross,203082,rosste01,SG,ORL,1617,776,-3.306
Terry Rozier,1626179,roziete01,SG,CHA,1823,867,0.6244
Ricky Rubio,201937,rubiori01,PG,MIN,1334,614,-1.8832
D'Angelo Russell,1626156,russeda01,PG,MIN,1247,583,0.1021
Domantas Sabonis,1627734,sabondo01,PF,IND,2099,1010,0.3719
Luka Samanic,1629677,samanlu01,PF,SAS,23,11,-2.9861
JaKarr Sampson,203960,sampsja02,PF,IND,168,78,-2.0429
Dario Saric,203967,saricda01,PF,PHO,349,167,3.1042
Tomas Satoransky,203107,satorto01,SG,CHI,636,293,-0.2482
Dennis Schroder,203471,schrode01,SG,LAL,1811,869,0.5113
Mike Scott,203118,scottmi01,PF,PHI,397,182,-5.3737
Collin Sexton,1629012,sextoco01,SG,CLE,1763,847,-0.8514
Landry Shamet,1629013,shamela01,SG,BRK,1002,466,-3.4514
Pascal Siakam,1627783,siakapa01,PF,TOR,1790,856,1.1164
Chris Silva,1629735,silvach01,PF,MIA,117,53,-1.6167
Ben Simmons,1627732,simmobe01,PG,PHI,1797,835,2.8011
Anfernee Simons,1629014,simonan01,SG,POR,845,404,-3.267
Deividas Sirvydis,1629686,sirvyde01,SG,DET,11,5,NA
Marcus Smart,203935,smartma01,PG,BOS,1159,549,1.7586
Dennis Smith Jr.,1628372,smithde03,PG,DET,137,69,-3.6607
Ish Smith,202397,smithis01,PG,WAS,862,391,-0.1312
Jalen Smith,1630188,smithja04,PF,PHO,109,50,-3.5792
Tony Snell,203503,snellto01,SG,ATL,366,176,-3.3218
Ray Spalding,1629034,spaldra01,NA,HOU,45,19,-5.1187
Cassius Stanley,1630199,stanlca01,SG,IND,53,23,-4.1223
Lamar Stevens,1630205,stevela01,PF,CLE,563,265,-2.8229
Isaiah Stewart,1630191,stewais01,C,DET,938,451,0.1136
Max Strus,1629622,strusma01,SF,MIA,498,235,-2.1435
Edmond Sumner,1628410,sumneed01,SG,IND,330,150,-1.2034
Jae'Sean Tate,1630256,tateja01,SF,HOU,1571,730,-1.1412
Jayson Tatum,1628369,tatumja01,SF,BOS,1549,742,2.7007
Jeff Teague,201952,teaguje01,PG,BOS,803,388,-1.815
Garrett Temple,202066,templga01,SG,CHI,1483,681,0.029
Tyrell Terry,1630179,terryty01,PG,DAL,120,56,-2.925
Daniel Theis,1628464,theisda01,C,BOS,1308,623,1.6434
Brodric Thomas,1630271,thomabr01,SG,HOU,54,24,-2.0585
Matt Thomas,1629744,thomama02,SG,TOR,177,78,-3.7258
Tristan Thompson,202684,thomptr01,PF,BOS,1102,531,-2.6071
Sindarius Thornwell,1628414,thornsi01,SG,NOP,99,48,-0.8498
Matisse Thybulle,1629680,thybuma01,SG,PHI,933,430,0.3283
Xavier Tillman,1630214,tillmxa01,PF,MEM,759,364,1.2437
Obi Toppin,1630167,toppiob01,PF,NYK,471,228,-3.5078
Juan Toscano-Anderson,1629308,toscaju01,SG,GSW,716,328,-0.0765
Karl-Anthony Towns,1626157,townska01,C,MIN,480,228,2.874
Gary Trent Jr.,1629018,trentga02,SG,POR,1493,713,-0.3794
P.J. Tucker,200782,tuckepj01,PF,HOU,1641,780,-2.958
Myles Turner,1626167,turnemy01,C,IND,1697,812,2.8901
Jonas Valanciunas,202685,valanjo01,C,MEM,986,466,1.2425
Denzel Valentine,1627756,valende01,SG,CHI,927,436,-0.4611
Jarred Vanderbilt,1629020,vandeja01,PF,MIN,1017,470,1.481
Fred VanVleet,1627832,vanvlfr01,SG,TOR,2038,981,3.791
Devin Vassell,1630170,vassede01,SF,SAS,978,451,-0.8372
Gabe Vincent,1629216,vincega01,PG,MIA,590,281,-3.1617
Noah Vonleh,203943,vonleno01,F,BRK,18,8,-3.7333
Nikola Vucevic,202696,vucevni01,C,ORL,1947,936,3.0059
Dean Wade,1629731,wadede01,PF,CLE,410,192,-3.1618
Moritz Wagner,1629021,wagnemo01,C,WAS,415,188,2.1719
Kemba Walker,202689,walkeke02,PG,BOS,694,333,0.5515
Lonnie Walker IV,1629022,walkelo01,SG,SAS,1404,666,-3.8332
John Wall,202322,walljo01,PG,HOU,1167,555,1.2311
Brad Wanamaker,202954,wanambr01,PG,GSW,955,455,-2.9396
T.J. Warren,203933,warretj01,SF,IND,250,117,-2.6322
P.J. Washington,1629023,washipj01,PF,CHA,1457,691,-0.8258
Yuta Watanabe,1629139,watanyu01,SF,TOR,480,223,-2.8245
Tremont Waters,1629682,watertr01,PG,BOS,198,90,-2.2052
Paul Watson,1628778,watsopa01,SF,TOR,99,42,-1.8285
Quinndary Weatherspoon,1629683,weathqu01,SG,SAS,51,24,-5.5088
Russell Westbrook,201566,westbru01,PG,WAS,1342,591,-1.5201
Coby White,1629632,whiteco01,PG,CHI,1907,880,-2.6838
Derrick White,1628401,whitede01,SG,SAS,399,189,0.9753
Hassan Whiteside,202355,whiteha01,C,SAC,634,296,1.0323
Andrew Wiggins,203952,wiggian01,PF,GSW,1950,896,1.0383
Grant Williams,1629684,willigr01,PF,BOS,925,440,-1.8714
Kenrich Williams,1629026,willike04,PF,OKC,1015,468,-0.3157
Lou Williams,101150,willilo02,PG,LAC,1245,590,-1.0158
Patrick Williams,1630172,willipa01,PF,CHI,1473,690,-3.5127
Robert Williams III,1629057,williro04,C,BOS,587,278,3.6959
Zion Williamson,1629627,willizi01,PF,NOP,1731,818,1.7249
D.J. Wilson,1628391,wilsodj01,PF,MIL,204,94,-3.6694
Dylan Windler,1629685,windldy01,SF,CLE,565,262,-2.6413
Cassius Winston,1630216,winstca01,PG,WAS,92,44,-2.3612
James Wiseman,1630164,wisemja01,C,GSW,938,419,-2.0661
Christian Wood,1626174,woodch01,C,HOU,1121,530,4.8474
Robert Woodard II,1630218,woodaro01,SF,SAC,41,17,-3.3807
Delon Wright,1626153,wrighde01,SG,DET,1590,785,1.382
Thaddeus Young,201152,youngth01,PF,CHI,1220,568,1.0749
Trae Young,1629027,youngtr01,PG,ATL,1837,866,2.471
Cody Zeller,203469,zelleco01,C,CHA,764,361,1.0236
Ivica Zubac,1627826,zubaciv01,C,LAC,1179,564,1.6331
